DateKey,Date,Year,Quarter,Month,MonthName,Day,DayOfWeek,DayName,IsWeekend,IsoWeek
20230101,2023-01-01,2023,1,1,January,1,7,Sunday,True,52
20230102,2023-01-02,2023,1,1,January,2,1,Monday,False,1
20230103,2023-01-03,2023,1,1,January,3,2,Tuesday,False,1
20230104,2023-01-04,2023,1,1,January,4,3,Wednesday,False,1
20230105,2023-01-05,2023,1,1,January,5,4,Thursday,False,1
20230106,2023-01-06,2023,1,1,January,6,5,Friday,False,1
20230107,2023-01-07,2023,1,1,January,7,6,Saturday,True,1
20230108,2023-01-08,2023,1,1,January,8,7,Sunday,True,1
20230109,2023-01-09,2023,1,1,January,9,1,Monday,False,2
20230110,2023-01-10,2023,1,1,January,10,2,Tuesday,False,2
20230111,2023-01-11,2023,1,1,January,11,3,Wednesday,False,2
20230112,2023-01-12,2023,1,1,January,12,4,Thursday,False,2
20230113,2023-01-13,2023,1,1,January,13,5,Friday,False,2
20230114,2023-01-14,2023,1,1,January,14,6,Saturday,True,2
20230115,2023-01-15,2023,1,1,January,15,7,Sunday,True,2
20230116,2023-01-16,2023,1,1,January,16,1,Monday,False,3
20230117,2023-01-17,2023,1,1,January,17,2,Tuesday,False,3
20230118,2023-01-18,2023,1,1,January,18,3,Wednesday,False,3
20230119,2023-01-19,2023,1,1,January,19,4,Thursday,False,3
20230120,2023-01-20,2023,1,1,January,20,5,Friday,False,3
20230121,2023-01-21,2023,1,1,January,21,6,Saturday,True,3
20230122,2023-01-22,2023,1,1,January,22,7,Sunday,True,3
20230123,2023-01-23,2023,1,1,January,23,1,Monday,False,4
20230124,2023-01-24,2023,1,1,January,24,2,Tuesday,False,4
20230125,2023-01-25,2023,1,1,January,25,3,Wednesday,False,4
20230126,2023-01-26,2023,1,1,January,26,4,Thursday,False,4
20230127,2023-01-27,2023,1,1,January,27,5,Friday,False,4
20230128,2023-01-28,2023,1,1,January,28,6,Saturday,True,4
20230129,2023-01-29,2023,1,1,January,29,7,Sunday,True,4
20230130,2023-01-30,2023,1,1,January,30,1,Monday,False,5
20230131,2023-01-31,2023,1,1,January,31,2,Tuesday,False,5
20230201,2023-02-01,2023,1,2,February,1,3,Wednesday,False,5
20230202,2023-02-02,2023,1,2,February,2,4,Thursday,False,5
20230203,2023-02-03,2023,1,2,February,3,5,Friday,False,5
20230204,2023-02-04,2023,1,2,February,4,6,Saturday,True,5
20230205,2023-02-05,2023,1,2,February,5,7,Sunday,True,5
20230206,2023-02-06,2023,1,2,February,6,1,Monday,False,6
20230207,2023-02-07,2023,1,2,February,7,2,Tuesday,False,6
20230208,2023-02-08,2023,1,2,February,8,3,Wednesday,False,6
20230209,2023-02-09,2023,1,2,February,9,4,Thursday,False,6
20230210,2023-02-10,2023,1,2,February,10,5,Friday,False,6
20230211,2023-02-11,2023,1,2,February,11,6,Saturday,True,6
20230212,2023-02-12,2023,1,2,February,12,7,Sunday,True,6
20230213,2023-02-13,2023,1,2,February,13,1,Monday,False,7
20230214,2023-02-14,2023,1,2,February,14,2,Tuesday,False,7
20230215,2023-02-15,2023,1,2,February,15,3,Wednesday,False,7
20230216,2023-02-16,2023,1,2,February,16,4,Thursday,False,7
20230217,2023-02-17,2023,1,2,February,17,5,Friday,False,7
20230218,2023-02-18,2023,1,2,February,18,6,Saturday,True,7
20230219,2023-02-19,2023,1,2,February,19,7,Sunday,True,7
20230220,2023-02-20,2023,1,2,February,20,1,Monday,False,8
20230221,2023-02-21,2023,1,2,February,21,2,Tuesday,False,8
20230222,2023-02-22,2023,1,2,February,22,3,Wednesday,False,8
20230223,2023-02-23,2023,1,2,February,23,4,Thursday,False,8
20230224,2023-02-24,2023,1,2,February,24,5,Friday,False,8
20230225,2023-02-25,2023,1,2,February,25,6,Saturday,True,8
20230226,2023-02-26,2023,1,2,February,26,7,Sunday,True,8
20230227,2023-02-27,2023,1,2,February,27,1,Monday,False,9
20230228,2023-02-28,2023,1,2,February,28,2,Tuesday,False,9
20230301,2023-03-01,2023,1,3,March,1,3,Wednesday,False,9
20230302,2023-03-02,2023,1,3,March,2,4,Thursday,False,9
20230303,2023-03-03,2023,1,3,March,3,5,Friday,False,9
20230304,2023-03-04,2023,1,3,March,4,6,Saturday,True,9
20230305,2023-03-05,2023,1,3,March,5,7,Sunday,True,9
20230306,2023-03-06,2023,1,3,March,6,1,Monday,False,10
20230307,2023-03-07,2023,1,3,March,7,2,Tuesday,False,10
20230308,2023-03-08,2023,1,3,March,8,3,Wednesday,False,10
20230309,2023-03-09,2023,1,3,March,9,4,Thursday,False,10
20230310,2023-03-10,2023,1,3,March,10,5,Friday,False,10
20230311,2023-03-11,2023,1,3,March,11,6,Saturday,True,10
20230312,2023-03-12,2023,1,3,March,12,7,Sunday,True,10
20230313,2023-03-13,2023,1,3,March,13,1,Monday,False,11
20230314,2023-03-14,2023,1,3,March,14,2,Tuesday,False,11
20230315,2023-03-15,2023,1,3,March,15,3,Wednesday,False,11
20230316,2023-03-16,2023,1,3,March,16,4,Thursday,False,11
20230317,2023-03-17,2023,1,3,March,17,5,Friday,False,11
20230318,2023-03-18,2023,1,3,March,18,6,Saturday,True,11
20230319,2023-03-19,2023,1,3,March,19,7,Sunday,True,11
20230320,2023-03-20,2023,1,3,March,20,1,Monday,False,12
20230321,2023-03-21,2023,1,3,March,21,2,Tuesday,False,12
20230322,2023-03-22,2023,1,3,March,22,3,Wednesday,False,12
20230323,2023-03-23,2023,1,3,March,23,4,Thursday,False,12
20230324,2023-03-24,2023,1,3,March,24,5,Friday,False,12
20230325,2023-03-25,2023,1,3,March,25,6,Saturday,True,12
20230326,2023-03-26,2023,1,3,March,26,7,Sunday,True,12
20230327,2023-03-27,2023,1,3,March,27,1,Monday,False,13
20230328,2023-03-28,2023,1,3,March,28,2,Tuesday,False,13
20230329,2023-03-29,2023,1,3,March,29,3,Wednesday,False,13
20230330,2023-03-30,2023,1,3,March,30,4,Thursday,False,13
20230331,2023-03-31,2023,1,3,March,31,5,Friday,False,13
